snapshot_date,branch_id,interest_income,interest_expense,fee_income,operating_expense
2025-01-31,1,1734428.7,826343.43,7452,102076
2025-01-31,2,1596949.85,797608.37,7884,105142
2025-01-31,3,1485972.1,750637.03,8154,104827
2025-01-31,4,1434970.08,636127.09,7686,103018
2025-01-31,5,1437934.1,657635.35,8064,105232
2025-01-31,6,1815846.13,910173.73,8046,105973
2025-01-31,7,1400124.99,664822.49,6858,101629
2025-01-31,8,1511843.33,727343.9,7668,103009
2025-02-28,1,1656690.71,804163.6,6174,101437
2025-02-28,2,1572374.57,775648.56,7434,104917
2025-02-28,3,1497176.57,728363.51,7758,104629
2025-02-28,4,1361476.55,617252.79,6570,102460
2025-02-28,5,1478986.87,635777.96,7056,104728
2025-02-28,6,1774747.32,884966.21,6858,105379
2025-02-28,7,1486763.71,642752.66,6786,101593
2025-02-28,8,1518460.18,708266.77,6732,102541
2025-03-31,1,1651371.71,782423.71,7470,102085
2025-03-31,2,1598290.95,753690.68,8208,105304
2025-03-31,3,1451247.38,704580.34,7146,104323
2025-03-31,4,1281238.17,600322.95,7992,103171
2025-03-31,5,1471055.27,615981.6,8244,105322
2025-03-31,6,1693688.79,859878.66,7686,105793
2025-03-31,7,1363159.73,622956.77,6948,101674
2025-03-31,8,1416625.23,686930.78,6984,102667
2025-04-30,1,1612124.13,760100.02,7002,101851
2025-04-30,2,1520721.78,731972.09,7650,105025
2025-04-30,3,1412373.48,681028.89,7020,104260
2025-04-30,4,1301995.97,580333.18,7506,102928
2025-04-30,5,1361946.06,595351.86,7704,105052
2025-04-30,6,1738877.69,832403.1,8514,106207
2025-04-30,7,1374226.92,603007.16,7110,101755
2025-04-30,8,1478290.73,665078.97,7290,102820
2025-05-31,1,1487440.53,739657.18,7272,101986
2025-05-31,2,1499781.19,706755.82,7776,105088
2025-05-31,3,1356925.27,658179.02,7740,104620
2025-05-31,4,1282025.95,558677.03,7812,103081
2025-05-31,5,1301449.19,577018.51,7956,105178
2025-05-31,6,1699881.95,803880.47,9198,106549
2025-05-31,7,1248113.55,580915.11,7668,102034
2025-05-31,8,1368683.84,643366.91,7560,102955
2025-06-30,1,1544310.74,716935.41,6750,101725
2025-06-30,2,1557687.55,684763.94,7596,104998
2025-06-30,3,1372470.28,633582.01,7812,104656
2025-06-30,4,1272522.17,539012.46,7182,102766
2025-06-30,5,1258279.14,557683.5,8118,105259
2025-06-30,6,1609529.6,776692.69,7848,105874
2025-06-30,7,1231755.07,562554.22,6876,101638
2025-06-30,8,1373487.98,623089.34,6948,102649
2025-07-31,1,1477189.82,695356.52,6822,101761
2025-07-31,2,1457088.46,662461.29,7686,105043
2025-07-31,3,1350856.3,610903.49,8604,105052
2025-07-31,4,1130439.6,521422.74,7218,102784
2025-07-31,5,1267378.24,538357.09,7812,105106
2025-07-31,6,1602694.45,750592.86,8352,106126
2025-07-31,7,1205295.87,542609.3,6948,101674
2025-07-31,8,1427884.1,599934.27,7164,102757
2025-08-31,1,1450577.06,673425.4,6858,101779
2025-08-31,2,1400096.25,642142.34,7542,104971
2025-08-31,3,1332205.35,586117.28,8334,104917
2025-08-31,4,1208625.4,501280.31,7614,102982
2025-08-31,5,1273526.38,519023.93,8154,105277
2025-08-31,6,1520844.84,722907.39,7236,105568
2025-08-31,7,1236454.77,521359.84,7110,101755
2025-08-31,8,1351708.5,579781.51,7380,102865
2025-09-30,1,1458422.28,649017.46,7650,102175
2025-09-30,2,1320039.84,617810.92,8370,105385
2025-09-30,3,1280261.87,561291.24,7506,104503
2025-09-30,4,1125149.65,481529.49,7074,102712
2025-09-30,5,1120230.42,498979.68,6912,104656
2025-09-30,6,1508465.21,697124.37,7848,105874
2025-09-30,7,1200013.23,499977.33,6966,101683
2025-09-30,8,1287531.47,557174.93,6768,102559
2025-10-31,1,1356633.16,627543.62,6876,101788
2025-10-31,2,1314851.29,598743.86,8082,105241
2025-10-31,3,1172148.39,537525.99,7848,104674
2025-10-31,4,1160804.6,462560.1,8334,103342
2025-10-31,5,1223142.85,477610.12,8352,105376
2025-10-31,6,1418918.28,669783.67,7992,105946
2025-10-31,7,1185706.17,481505.96,6858,101629
2025-10-31,8,1281567.86,534196.73,6462,102406
2025-11-30,1,1366849.47,606180.5,7668,102184
2025-11-30,2,1301223.84,574881.41,7794,105097
2025-11-30,3,1177875.85,514399.21,6966,104233
2025-11-30,4,1112149.08,442413.28,6534,102442
2025-11-30,5,1164053.89,459049.85,7596,104998
2025-11-30,6,1406869.05,641981.71,8028,105964
2025-11-30,7,1116422.92,460980.2,6858,101629
2025-11-30,8,1228680.74,511913.27,7038,102694
2025-12-31,1,1252304.06,585144.64,7488,102094
2025-12-31,2,1302123.43,552098.81,8280,105340
2025-12-31,3,1116449.26,492425.99,7074,104287
2025-12-31,4,1074061.45,423480.87,7524,102937
2025-12-31,5,1116384.74,438976.45,8064,105232
2025-12-31,6,1381735.3,612103.07,7956,105928
2025-12-31,7,1062496.55,442974.18,7308,101854
2025-12-31,8,1217366.83,490199.01,7326,102838
