month,transaction_count,transaction_value,previous_count,monthly_count_growth
2025-01,3434,23025138.83,,
2025-02,3076,20602008.79,3434.0,-0.10425160163075131
2025-03,3371,23212641.89,3076.0,0.0959037711313393
2025-04,3322,22758816.13,3371.0,-0.014535746069415656
2025-05,3499,23583764.79,3322.0,0.05328115593016247
2025-06,3285,22010076.36,3499.0,-0.061160331523292366
2025-07,3367,22062326.08,3285.0,0.024961948249619503
2025-08,3346,22308696.51,3367.0,-0.006237006237006182
2025-09,3283,21999550.42,3346.0,-0.01882845188284521
2025-10,3378,22824007.36,3283.0,0.02893694791349377
2025-11,3249,20673112.67,3378.0,-0.03818827708703376
2025-12,3390,22411190.49,3249.0,0.04339796860572487
