month,snapshot_date,deposit_balance,loan_outstanding,dpd90_outstanding,interest_income,interest_expense,fee_income,operating_expense,net_interest_income,operating_profit
2025-01,2025-01-31,525682243.5,1191323651.31,0.0,12418069.280000001,5970691.39,61812.0,830906.0,6447377.8900000015,5678283.8900000015
2025-02,2025-02-28,524964940.65,1164714678.72,0.0,12346676.48,5797192.0600000005,55368.0,827684.0,6549484.42,5777168.42
2025-03,2025-03-31,524174200.74,1138689837.4,0.0,11926677.23,5626765.49,60678.0,830339.0,6299911.74,5530250.74
2025-04,2025-04-30,523852802.59,1111988183.76,72322571.77,11800556.76,5449275.27,59796.0,829898.0,6351281.49,5581179.49
2025-05,2025-05-31,525205658.2,1085991625.58,117238642.68,11244301.47,5268450.05,62982.0,831491.0,5975851.420000001,5207342.420000001
2025-06,2025-06-30,524742463.58,1059213347.16,167804706.18,11220042.53,5094313.57,59130.0,829565.0,6125728.959999999,5355293.959999999
2025-07,2025-07-31,524018772.82,1032847890.45,195777218.69,10918826.84,4921637.5600000005,60606.0,830303.0,5997189.279999999,5227492.279999999
2025-08,2025-08-31,523097729.13,1005946692.32,241144576.53,10774038.55,4746038.0,60228.0,830114.0,6028000.550000001,5258114.550000001
2025-09,2025-09-30,524310604.27,979625845.5,273057083.44,10300113.97,4562905.42,59094.0,829547.0,5737208.550000001,4966755.550000001
2025-10,2025-10-31,523831725.15,952971095.88,294410042.01,10113772.6,4389470.05,60804.0,830402.0,5724302.55,4954704.55
2025-11,2025-11-30,523626859.84,926265208.4,306394387.37,9874124.84,4211799.43,58482.0,829241.0,5662325.41,4891566.41
2025-12,2025-12-31,523202617.11,899819122.17,323866506.19,9522921.620000001,4037403.02,61020.0,830510.0,5485518.6000000015,4716028.6000000015
