month,scheduled_due,amount_collected,scheduled_collection_ratio
2025-01,41209921.58,38786656.55,0.9411970482570376
2025-02,40923383.89,38955649.07,0.951916615075401
2025-03,40635059.81,37951518.55,0.9339599529926222
2025-04,40351808.64,38502210.4,0.9541631886565172
2025-05,40062428.25,37240859.65,0.9295707044417608
2025-06,39780335.04,37998320.95,0.9552036430007906
2025-07,39490088.32,37284283.55,0.9441428251027015
2025-08,39204442.32,37675236.68,0.9609940723676642
2025-09,38912422.77,36620960.79,0.9411123282262795
2025-10,38626968.36,36768522.22,0.9518873414377373
2025-11,38338127.71,36580012.32,0.9541418557708696
2025-12,38048701.78,35969007.85,0.9453412644135687
