customer_id,customer_name,deposit_balance,balance_rank
1896,Demo Customer 1896,1554459.1099999999,1
868,Demo Customer 0868,1353715.3199999998,2
1950,Demo Customer 1950,1238467.75,3
363,Demo Customer 0363,1223643.8499999999,4
637,Demo Customer 0637,1180494.35,5
2326,Demo Customer 2326,1130230.48,6
86,Demo Customer 0086,1108765.89,7
864,Demo Customer 0864,1092447.76,8
997,Demo Customer 0997,1041786.43,9
39,Demo Customer 0039,1005999.54,10
1633,Demo Customer 1633,989604.9,11
1197,Demo Customer 1197,965881.5199999999,12
2325,Demo Customer 2325,949482.75,13
1674,Demo Customer 1674,944134.18,14
2442,Demo Customer 2442,937793.98,15
2040,Demo Customer 2040,936473.5700000001,16
913,Demo Customer 0913,922972.1900000001,17
1602,Demo Customer 1602,907538.0599999999,18
714,Demo Customer 0714,902456.33,19
860,Demo Customer 0860,898125.28,20
