loan_id,customer_id,branch_id,loan_type,origination_date,original_principal,annual_interest_rate,tenure_months
1,327,7,Home,2024-12-15,2591785.85,0.0926,36
2,1783,2,Education,2024-12-15,199256.86,0.1264,60
3,2072,3,Home,2024-12-15,721497.31,0.0847,120
4,622,1,Auto,2024-12-15,1580699.3,0.1345,36
5,1802,6,Education,2024-12-15,1376016.24,0.1752,36
6,732,2,Home,2024-12-15,2169536.83,0.118,24
7,1307,3,Home,2024-12-15,891640.96,0.1797,120
8,1993,7,Auto,2024-12-15,1137300.71,0.1108,120
9,276,6,Auto,2024-12-15,423290.31,0.1449,36
10,941,7,Home,2024-12-15,941075.28,0.1512,60
11,30,2,Personal,2024-12-15,1571881.65,0.1466,60
12,74,7,Home,2024-12-15,2894737.69,0.1439,120
13,539,6,Personal,2024-12-15,415524.23,0.0907,60
14,1120,6,Home,2024-12-15,1559713.24,0.1656,60
15,1047,5,Personal,2024-12-15,297700.26,0.156,60
16,526,6,Home,2024-12-15,582313.23,0.1581,60
17,1733,4,Home,2024-12-15,634397.05,0.1503,24
18,1925,2,Business,2024-12-15,1164805.3,0.1784,60
19,601,2,Education,2024-12-15,1360737.97,0.1664,36
20,880,3,Personal,2024-12-15,2822510.72,0.1165,120
21,2109,1,Personal,2024-12-15,976968.49,0.0895,24
22,320,3,Personal,2024-12-15,1184296.94,0.0889,24
23,1175,5,Auto,2024-12-15,689089.39,0.1623,24
24,1076,1,Auto,2024-12-15,472533.89,0.1698,120
25,1176,8,Personal,2024-12-15,1472810.91,0.1321,60
26,224,6,Auto,2024-12-15,582258.4,0.1318,24
27,916,2,Home,2024-12-15,569065.14,0.1138,120
28,379,1,Home,2024-12-15,163435.62,0.1094,120
29,2201,8,Education,2024-12-15,2577410.5,0.1283,24
30,41,5,Auto,2024-12-15,1738729.24,0.1204,120
31,665,6,Auto,2024-12-15,450197.13,0.1484,36
32,1285,7,Home,2024-12-15,1534362.58,0.1495,36
33,1908,5,Auto,2024-12-15,189253.84,0.1529,36
34,2491,7,Education,2024-12-15,745413.87,0.1499,24
35,227,5,Home,2024-12-15,1147765.9,0.1654,36
36,689,7,Personal,2024-12-15,1000876.76,0.1529,24
37,209,2,Business,2024-12-15,1505228.71,0.1721,120
38,576,1,Personal,2024-12-15,3172646.85,0.1385,60
39,2304,2,Auto,2024-12-15,3525777.11,0.1384,24
40,2140,4,Auto,2024-12-15,1374226.42,0.128,24
41,1199,6,Personal,2024-12-15,2095269.24,0.1003,120
42,1902,1,Education,2024-12-15,1335070.73,0.1201,60
43,1231,3,Auto,2024-12-15,1518477.24,0.1559,60
44,92,2,Auto,2024-12-15,1887470.26,0.1315,120
45,1048,3,Home,2024-12-15,374647.43,0.1155,36
46,1273,4,Personal,2024-12-15,640020.55,0.0901,24
47,712,1,Auto,2024-12-15,2426767.92,0.1522,24
48,1567,5,Home,2024-12-15,719413.61,0.1533,36
49,131,8,Home,2024-12-15,1016072.68,0.1585,36
50,1261,6,Personal,2024-12-15,796880.9,0.1507,36
51,1345,4,Personal,2024-12-15,472402.78,0.1649,24
52,849,6,Home,2024-12-15,1601461.17,0.0858,60
53,760,4,Personal,2024-12-15,757886.6,0.111,120
54,2463,3,Home,2024-12-15,574156.64,0.1678,24
55,1812,7,Home,2024-12-15,185651.77,0.1214,60
56,923,4,Auto,2024-12-15,2376239.52,0.1129,60
57,1517,1,Home,2024-12-15,1249158.2,0.0954,120
58,2244,8,Business,2024-12-15,1278506.92,0.155,24
59,1811,3,Auto,2024-12-15,1461238.78,0.1124,36
60,693,4,Personal,2024-12-15,522551.03,0.1713,60
61,2210,2,Auto,2024-12-15,474135.5,0.1771,120
62,2341,8,Auto,2024-12-15,152244.77,0.1005,24
63,1274,3,Personal,2024-12-15,2183522.4,0.1225,24
64,2028,8,Business,2024-12-15,489374.28,0.0856,120
65,2060,1,Business,2024-12-15,1467549.29,0.134,36
66,765,7,Personal,2024-12-15,488902.84,0.1291,36
67,997,7,Personal,2024-12-15,787040.5,0.1772,60
68,511,6,Auto,2024-12-15,494909.15,0.1755,24
69,184,8,Personal,2024-12-15,627610.69,0.1244,60
70,1711,2,Personal,2024-12-15,496813.51,0.1211,36
71,1017,1,Business,2024-12-15,1189707.16,0.1427,24
72,1471,1,Auto,2024-12-15,2143527.02,0.168,60
73,620,5,Personal,2024-12-15,410891.65,0.17,60
74,1795,4,Personal,2024-12-15,1833154.1,0.1586,36
75,249,7,Personal,2024-12-15,1799143.04,0.1394,60
76,2369,1,Home,2024-12-15,698343.95,0.1109,120
77,491,2,Business,2024-12-15,2388450.25,0.142,120
78,2096,5,Business,2024-12-15,578752.79,0.1516,120
79,1470,5,Business,2024-12-15,594180.37,0.0982,120
80,1111,7,Home,2024-12-15,734725.59,0.1324,36
81,1665,4,Business,2024-12-15,183376.38,0.1579,120
82,1044,2,Personal,2024-12-15,435840.82,0.0816,60
83,269,1,Home,2024-12-15,658022.11,0.1099,60
84,955,7,Business,2024-12-15,2118095.77,0.1695,60
85,1984,4,Auto,2024-12-15,1174511.45,0.1432,60
86,545,4,Home,2024-12-15,670303.35,0.136,24
87,461,2,Education,2024-12-15,576547.29,0.131,60
88,2046,6,Home,2024-12-15,1560621.46,0.1447,60
89,1588,4,Education,2024-12-15,658237.79,0.1159,24
90,1381,7,Personal,2024-12-15,516634.4,0.1363,24
91,2075,1,Home,2024-12-15,1543683.26,0.0926,120
92,90,7,Home,2024-12-15,222716.17,0.1186,24
93,2183,8,Personal,2024-12-15,770585.97,0.1603,60
94,1696,1,Home,2024-12-15,1196319.17,0.1212,120
95,353,7,Education,2024-12-15,782908.68,0.1751,36
96,1269,5,Auto,2024-12-15,329822.26,0.0916,24
97,1372,7,Business,2024-12-15,1444038.9,0.0922,120
98,2280,5,Auto,2024-12-15,807436.48,0.0863,36
99,2199,4,Personal,2024-12-15,334862.29,0.1027,24
100,1840,8,Home,2024-12-15,822064.67,0.0838,36
101,1884,3,Home,2024-12-15,786093.09,0.1274,120
102,1450,6,Auto,2024-12-15,1094967.33,0.174,120
103,456,6,Business,2024-12-15,948456.26,0.1124,120
104,1864,1,Education,2024-12-15,584365.82,0.1104,36
105,687,6,Auto,2024-12-15,458042.44,0.1093,120
106,1079,6,Business,2024-12-15,2504376.98,0.1277,36
107,1712,4,Home,2024-12-15,661126.06,0.1097,60
108,1104,2,Education,2024-12-15,819093.47,0.1057,120
109,1029,5,Personal,2024-12-15,310393.3,0.1398,120
110,1770,4,Auto,2024-12-15,1945474.46,0.0971,24
111,1202,4,Auto,2024-12-15,1027523.35,0.1333,24
112,2343,7,Personal,2024-12-15,485373.38,0.1196,36
113,23,4,Personal,2024-12-15,1021149.24,0.094,120
114,2029,7,Personal,2024-12-15,417231.59,0.0818,60
115,2408,4,Home,2024-12-15,578307.9,0.1213,36
116,2414,2,Business,2024-12-15,390635.69,0.1131,120
117,1760,2,Home,2024-12-15,649655.21,0.1022,120
118,2291,7,Home,2024-12-15,1098004.71,0.11,36
119,995,8,Personal,2024-12-15,1915527.72,0.1781,36
120,1103,7,Home,2024-12-15,1803064.55,0.1623,24
121,546,2,Auto,2024-12-15,528016.75,0.1202,36
122,799,1,Education,2024-12-15,582198.49,0.0956,24
123,2368,6,Home,2024-12-15,1376217.69,0.104,60
124,1914,8,Education,2024-12-15,1450589.49,0.1746,24
125,409,4,Auto,2024-12-15,394601.64,0.1017,120
126,322,7,Personal,2024-12-15,801981.36,0.1065,24
127,1061,7,Auto,2024-12-15,740234.53,0.149,36
128,575,4,Home,2024-12-15,1080277.41,0.0871,120
129,1226,7,Auto,2024-12-15,365870.37,0.1211,36
130,519,1,Home,2024-12-15,345200.96,0.1196,60
131,1141,4,Auto,2024-12-15,894981.61,0.151,36
132,1412,7,Home,2024-12-15,1861792.48,0.089,24
133,1247,2,Home,2024-12-15,1278568.48,0.1577,60
134,107,5,Personal,2024-12-15,1323895.87,0.1266,36
135,2238,2,Business,2024-12-15,826474.63,0.0953,24
136,2126,3,Personal,2024-12-15,863948.34,0.1551,24
137,791,8,Personal,2024-12-15,1036405.78,0.1036,60
138,919,2,Home,2024-12-15,1573101.28,0.1759,36
139,577,4,Business,2024-12-15,501551.94,0.1121,24
140,260,6,Personal,2024-12-15,1240713.71,0.1197,36
141,2084,2,Personal,2024-12-15,630585.41,0.1713,36
142,502,7,Personal,2024-12-15,476077.38,0.179,24
143,1338,8,Business,2024-12-15,1202618.5,0.168,120
144,56,6,Home,2024-12-15,417701.18,0.1744,60
145,1807,5,Personal,2024-12-15,574285.27,0.1591,120
146,2138,1,Business,2024-12-15,622759.13,0.1186,120
147,1921,8,Auto,2024-12-15,309278.87,0.1574,24
148,1511,5,Auto,2024-12-15,353465.32,0.1296,24
149,1720,6,Personal,2024-12-15,992740.06,0.1444,24
150,1067,2,Personal,2024-12-15,2204763.91,0.1348,24
151,2214,1,Home,2024-12-15,1073445.56,0.0952,24
152,308,8,Education,2024-12-15,1371120.22,0.1676,120
153,2384,1,Business,2024-12-15,1320404.28,0.093,120
154,1998,1,Business,2024-12-15,891680.6,0.1677,60
155,1201,2,Auto,2024-12-15,631975.18,0.0837,60
156,751,8,Business,2024-12-15,1958810.26,0.108,36
157,237,1,Auto,2024-12-15,714415.14,0.104,36
158,1473,4,Education,2024-12-15,558842.5,0.151,36
159,561,1,Personal,2024-12-15,553158.13,0.1131,120
160,1428,2,Personal,2024-12-15,990547.69,0.1133,36
161,1779,7,Personal,2024-12-15,638226.71,0.1047,120
162,968,8,Personal,2024-12-15,1158456.88,0.1408,36
163,788,3,Auto,2024-12-15,660298.34,0.165,60
164,1192,8,Business,2024-12-15,1063099.76,0.118,36
165,418,2,Home,2024-12-15,949930.57,0.1379,36
166,864,1,Auto,2024-12-15,1301355.5,0.1644,36
167,1673,8,Business,2024-12-15,404808.63,0.1142,36
168,1836,1,Auto,2024-12-15,574609.93,0.11,120
169,1187,1,Home,2024-12-15,1413945.49,0.1229,36
170,1027,6,Home,2024-12-15,1293345.04,0.1527,120
171,288,3,Education,2024-12-15,580216.07,0.1641,60
172,936,5,Business,2024-12-15,380404.51,0.1632,120
173,22,3,Home,2024-12-15,414361.56,0.1154,120
174,2245,4,Personal,2024-12-15,466136.92,0.1275,36
175,96,1,Auto,2024-12-15,1983703.33,0.1019,60
176,1658,6,Home,2024-12-15,197385.84,0.1747,24
177,2446,8,Business,2024-12-15,351961.56,0.1355,120
178,1928,8,Personal,2024-12-15,364575.23,0.1705,36
179,823,2,Personal,2024-12-15,413928.12,0.1088,36
180,1208,2,Auto,2024-12-15,795635.87,0.1347,36
181,1897,2,Personal,2024-12-15,1395594.71,0.1576,36
182,510,5,Personal,2024-12-15,347225.32,0.1758,120
183,149,4,Home,2024-12-15,457573.03,0.1604,60
184,1255,2,Education,2024-12-15,1710492.27,0.1476,60
185,835,8,Home,2024-12-15,225848.08,0.1667,120
186,613,6,Personal,2024-12-15,1415763.51,0.1786,36
187,1668,3,Home,2024-12-15,428195.06,0.1292,36
188,547,5,Personal,2024-12-15,1897901.32,0.1056,120
189,81,5,Business,2024-12-15,727337.72,0.111,24
190,735,4,Personal,2024-12-15,807646.48,0.1151,24
191,1147,2,Education,2024-12-15,628159.54,0.1153,120
192,1613,7,Home,2024-12-15,573015.43,0.1524,120
193,1033,3,Home,2024-12-15,396898.5,0.1307,24
194,106,8,Personal,2024-12-15,621307.59,0.1729,120
195,2172,3,Home,2024-12-15,431632.91,0.1798,36
196,888,1,Home,2024-12-15,178419.37,0.1461,60
197,1507,4,Auto,2024-12-15,1537194.5,0.1737,24
198,1539,3,Auto,2024-12-15,1103974.86,0.0983,24
199,827,8,Personal,2024-12-15,475983.12,0.1107,120
200,1126,8,Personal,2024-12-15,949620.62,0.1468,24
201,1933,8,Personal,2024-12-15,1014883.34,0.1335,24
202,1221,2,Personal,2024-12-15,923939.72,0.129,60
203,623,8,Personal,2024-12-15,636388.9,0.0813,36
204,1395,8,Business,2024-12-15,1197006.12,0.1138,36
205,2192,3,Home,2024-12-15,1783662.57,0.1658,24
206,2489,5,Auto,2024-12-15,741831.55,0.1387,60
207,970,4,Home,2024-12-15,4362034.83,0.1463,120
208,1234,3,Home,2024-12-15,1102367.22,0.1161,120
209,2189,7,Home,2024-12-15,1390202.94,0.1741,60
210,1107,2,Auto,2024-12-15,591682.83,0.1252,60
211,1590,1,Auto,2024-12-15,356300.44,0.1451,120
212,2457,6,Business,2024-12-15,695641.26,0.1765,24
213,991,1,Personal,2024-12-15,691166.01,0.1349,60
214,1861,3,Auto,2024-12-15,721963.7,0.1167,60
215,2208,2,Personal,2024-12-15,403987.98,0.084,36
216,2055,3,Education,2024-12-15,1931784.37,0.1103,60
217,280,4,Home,2024-12-15,452649.41,0.162,60
218,2345,3,Personal,2024-12-15,380943.36,0.1694,120
219,1383,6,Auto,2024-12-15,1042770.97,0.1622,60
220,8,7,Business,2024-12-15,505580.72,0.0996,24
221,2444,2,Home,2024-12-15,909340.13,0.1211,36
222,1502,6,Business,2024-12-15,691578.29,0.0872,36
223,1610,3,Business,2024-12-15,1854928.93,0.0909,36
224,245,4,Home,2024-12-15,335459.59,0.127,24
225,659,1,Auto,2024-12-15,486765.07,0.086,24
226,1529,5,Business,2024-12-15,754233.71,0.0904,120
227,2123,6,Personal,2024-12-15,1084615.69,0.1717,36
228,1026,8,Personal,2024-12-15,2159498.02,0.1749,36
229,993,2,Home,2024-12-15,466011.04,0.1786,60
230,408,2,Home,2024-12-15,782922.49,0.0892,120
231,769,2,Home,2024-12-15,956040.77,0.1649,24
232,176,5,Personal,2024-12-15,495463.77,0.1057,60
233,51,2,Personal,2024-12-15,567628.38,0.1398,120
234,894,8,Home,2024-12-15,638262.02,0.1259,36
235,2014,3,Personal,2024-12-15,127519.08,0.1692,24
236,1336,6,Home,2024-12-15,1598000.95,0.0978,60
237,1695,7,Personal,2024-12-15,495746.89,0.1077,60
238,393,4,Personal,2024-12-15,798033.75,0.1613,36
239,913,2,Home,2024-12-15,3427998.22,0.1072,24
240,1321,1,Personal,2024-12-15,809359.26,0.1047,60
241,2267,1,Business,2024-12-15,1673720.22,0.1166,60
242,816,4,Personal,2024-12-15,246605.17,0.1309,36
243,255,2,Home,2024-12-15,175808.79,0.096,24
244,451,4,Home,2024-12-15,267906.3,0.1074,24
245,17,3,Home,2024-12-15,1614938.88,0.127,24
246,698,2,Business,2024-12-15,500063.91,0.1666,24
247,2216,7,Home,2024-12-15,2963400.52,0.0902,24
248,1768,6,Personal,2024-12-15,838872.57,0.1483,24
249,909,5,Home,2024-12-15,2254424.37,0.1569,60
250,2196,2,Auto,2024-12-15,369424.18,0.1008,24
251,725,2,Auto,2024-12-15,352639.06,0.1387,60
252,220,5,Home,2024-12-15,1852528.71,0.1738,24
253,544,6,Personal,2024-12-15,1391468.03,0.1732,60
254,2213,4,Auto,2024-12-15,689084.17,0.1353,120
255,188,8,Education,2024-12-15,387176.58,0.081,60
256,507,5,Personal,2024-12-15,1159621.38,0.131,36
257,929,6,Personal,2024-12-15,522331.06,0.165,60
258,1092,8,Personal,2024-12-15,881156.89,0.1518,120
259,1483,4,Personal,2024-12-15,308232.43,0.1596,36
260,1442,4,Education,2024-12-15,1886222.51,0.1472,36
261,466,5,Business,2024-12-15,347346.42,0.1549,24
262,1325,3,Personal,2024-12-15,762719.71,0.1586,120
263,438,7,Education,2024-12-15,2450026.73,0.1379,120
264,373,7,Personal,2024-12-15,1249785.84,0.1559,120
265,989,3,Business,2024-12-15,2963968.98,0.1183,60
266,360,7,Home,2024-12-15,278685.07,0.1345,60
267,1131,1,Personal,2024-12-15,1979811.46,0.1413,120
268,822,4,Home,2024-12-15,474204.02,0.1455,24
269,1148,8,Personal,2024-12-15,959881.21,0.1044,60
270,277,7,Auto,2024-12-15,675518.13,0.1219,24
271,1664,3,Auto,2024-12-15,1171831.19,0.1218,36
272,644,6,Home,2024-12-15,1819565.05,0.1142,36
273,657,8,Home,2024-12-15,953256.41,0.1613,36
274,538,6,Education,2024-12-15,1106393.67,0.0879,24
275,1817,6,Business,2024-12-15,1313625.54,0.1799,24
276,2103,6,Personal,2024-12-15,539986.25,0.0923,36
277,1080,4,Auto,2024-12-15,502092.74,0.1034,60
278,1306,4,Business,2024-12-15,658744.21,0.134,120
279,390,6,Home,2024-12-15,512412.67,0.1497,24
280,1019,7,Personal,2024-12-15,536522.94,0.1311,120
281,1494,7,Home,2024-12-15,2717815.28,0.1539,24
282,906,3,Personal,2024-12-15,426752.94,0.1167,24
283,1954,7,Personal,2024-12-15,251743.63,0.1211,120
284,1775,3,Personal,2024-12-15,901463.67,0.0817,24
285,1886,1,Auto,2024-12-15,1332239.06,0.1074,36
286,1895,2,Personal,2024-12-15,1436644.17,0.1468,36
287,1378,6,Home,2024-12-15,790852.4,0.1202,60
288,612,5,Auto,2024-12-15,254796.26,0.1099,36
289,992,8,Personal,2024-12-15,460458.99,0.1297,24
290,2037,4,Personal,2024-12-15,413684.09,0.1006,60
291,14,6,Home,2024-12-15,805560.31,0.1169,24
292,382,5,Auto,2024-12-15,1749185.68,0.1162,120
293,1334,3,Personal,2024-12-15,646830.23,0.161,36
294,1824,2,Home,2024-12-15,1238312.58,0.1199,60
295,233,5,Business,2024-12-15,924387.45,0.0853,120
296,899,2,Personal,2024-12-15,476679.96,0.1509,36
297,1287,1,Personal,2024-12-15,291938.83,0.1631,60
298,259,1,Home,2024-12-15,1930768.61,0.1244,24
299,312,5,Personal,2024-12-15,2412642.4,0.1325,60
300,1891,5,Personal,2024-12-15,2235074.72,0.16,36
301,105,8,Education,2024-12-15,684504.62,0.122,36
302,2374,2,Business,2024-12-15,546797.81,0.1251,120
303,487,1,Personal,2024-12-15,1743010.93,0.1722,24
304,2022,2,Auto,2024-12-15,361514.77,0.1374,24
305,62,6,Home,2024-12-15,1663874.03,0.1121,120
306,2488,5,Personal,2024-12-15,664367.88,0.1752,36
307,1059,7,Personal,2024-12-15,561331.76,0.1093,24
308,764,1,Auto,2024-12-15,319261.06,0.1703,120
309,801,4,Auto,2024-12-15,119610.75,0.1795,60
310,2270,4,Home,2024-12-15,856284.44,0.1788,120
311,2416,3,Personal,2024-12-15,398650.46,0.1231,60
312,1084,4,Auto,2024-12-15,1299876.32,0.1624,24
313,1393,1,Home,2024-12-15,1848956.36,0.1219,36
314,1137,4,Home,2024-12-15,465641.45,0.1532,24
315,2496,2,Personal,2024-12-15,671812.78,0.1004,60
316,971,5,Personal,2024-12-15,246666.46,0.1227,24
317,1731,3,Personal,2024-12-15,995131.42,0.1116,60
318,1420,4,Home,2024-12-15,550792.52,0.1166,60
319,1924,4,Personal,2024-12-15,590754.68,0.1405,36
320,633,2,Personal,2024-12-15,632960.28,0.1117,36
321,671,5,Home,2024-12-15,281997.55,0.151,36
322,1311,2,Home,2024-12-15,382975.58,0.1149,60
323,375,2,Personal,2024-12-15,928829.86,0.133,60
324,2204,1,Education,2024-12-15,1149161.95,0.1453,120
325,838,6,Personal,2024-12-15,373291.23,0.1188,36
326,2187,7,Home,2024-12-15,1084881.57,0.1645,60
327,372,1,Personal,2024-12-15,391324.93,0.1326,36
328,1392,1,Business,2024-12-15,2929367.67,0.1252,120
329,1964,5,Home,2024-12-15,1258029.62,0.1539,60
330,572,1,Auto,2024-12-15,2532981.26,0.1782,24
331,943,8,Personal,2024-12-15,948892.28,0.0888,60
332,744,7,Personal,2024-12-15,1090118.11,0.0933,36
333,80,6,Home,2024-12-15,875018.03,0.1776,60
334,1238,4,Auto,2024-12-15,914186.44,0.1662,60
335,1883,6,Personal,2024-12-15,2183889.63,0.0823,60
336,745,5,Personal,2024-12-15,240785.09,0.1345,36
337,95,6,Home,2024-12-15,1431382.19,0.1327,36
338,1178,4,Home,2024-12-15,415827.14,0.0864,24
339,1592,1,Auto,2024-12-15,686894.59,0.1103,120
340,2353,5,Home,2024-12-15,1620948.44,0.0957,36
341,912,7,Personal,2024-12-15,941365.68,0.1364,60
342,1281,5,Education,2024-12-15,5262443.05,0.113,36
343,2393,2,Auto,2024-12-15,957144.62,0.1796,36
344,1174,2,Education,2024-12-15,1712441.39,0.1685,24
345,1786,5,Personal,2024-12-15,263566.94,0.1769,24
346,287,4,Home,2024-12-15,650164.55,0.1229,120
347,1127,5,Auto,2024-12-15,548626.95,0.1111,24
348,917,6,Personal,2024-12-15,742902.17,0.1274,120
349,383,3,Business,2024-12-15,925481.26,0.1726,24
350,2453,7,Home,2024-12-15,997520.29,0.0889,36
351,60,5,Home,2024-12-15,249138.98,0.1648,60
352,2036,7,Personal,2024-12-15,1335472.51,0.1622,60
353,1676,1,Auto,2024-12-15,869676.94,0.1446,36
354,29,8,Personal,2024-12-15,1092287.41,0.1507,60
355,459,4,Home,2024-12-15,562086.73,0.093,36
356,750,4,Home,2024-12-15,1151921.8,0.1206,36
357,290,6,Auto,2024-12-15,1136100.96,0.0947,120
358,2440,8,Education,2024-12-15,968339.9,0.1645,120
359,1432,1,Auto,2024-12-15,893697.85,0.1326,120
360,1097,4,Auto,2024-12-15,566223.46,0.1318,36
361,793,3,Home,2024-12-15,1947571.92,0.1439,24
362,552,7,Home,2024-12-15,971956.42,0.1681,36
363,462,6,Personal,2024-12-15,448536.9,0.1723,120
364,1402,6,Home,2024-12-15,1290281.82,0.0868,36
365,1135,8,Auto,2024-12-15,510461.16,0.0817,36
366,739,4,Home,2024-12-15,1152250.28,0.1172,60
367,1233,8,Personal,2024-12-15,318399.18,0.0934,60
368,825,5,Auto,2024-12-15,745674.13,0.0993,24
369,490,6,Personal,2024-12-15,1590581.64,0.1587,36
370,1553,2,Personal,2024-12-15,105896.22,0.1772,24
371,2316,1,Education,2024-12-15,352242.21,0.0878,120
372,674,1,Personal,2024-12-15,580145.1,0.1721,24
373,1275,2,Home,2024-12-15,1339236.55,0.1235,120
374,2482,4,Business,2024-12-15,254030.33,0.1567,60
375,404,2,Business,2024-12-15,423291.7,0.1745,120
376,1086,6,Business,2024-12-15,252760.92,0.1148,24
377,2206,8,Home,2024-12-15,309702.39,0.0973,24
378,1756,1,Education,2024-12-15,890496.44,0.1206,36
379,678,3,Business,2024-12-15,715102.28,0.0863,36
380,2398,7,Business,2024-12-15,585367.29,0.1726,120
381,781,2,Auto,2024-12-15,894479.93,0.0802,24
382,1347,4,Business,2024-12-15,705968.77,0.1585,60
383,378,4,Education,2024-12-15,597927.7,0.1695,24
384,1391,4,Education,2024-12-15,917553.3,0.1194,24
385,2035,8,Personal,2024-12-15,660563.78,0.1061,120
386,1266,7,Auto,2024-12-15,943394.89,0.1331,60
387,803,5,Personal,2024-12-15,851844.53,0.0931,120
388,1049,2,Personal,2024-12-15,207116.97,0.1783,120
389,334,5,Home,2024-12-15,899926.31,0.15,36
390,1841,1,Personal,2024-12-15,613759.33,0.1633,24
391,684,7,Home,2024-12-15,640908.28,0.0867,36
392,464,6,Education,2024-12-15,668233.29,0.1101,24
393,1577,5,Personal,2024-12-15,224324.25,0.0857,60
394,771,2,Home,2024-12-15,1229512.28,0.0855,24
395,1409,2,Personal,2024-12-15,813480.37,0.1274,36
396,743,8,Business,2024-12-15,1734047.14,0.1284,60
397,1331,6,Home,2024-12-15,1321132.75,0.1267,24
398,523,6,Personal,2024-12-15,423418.03,0.1432,60
399,541,2,Personal,2024-12-15,956374.44,0.0965,36
400,2218,1,Home,2024-12-15,1293935.36,0.1279,120
401,307,7,Home,2024-12-15,1952461.34,0.0907,120
402,1869,3,Auto,2024-12-15,4404417.47,0.1225,120
403,595,3,Education,2024-12-15,275342.25,0.1115,60
404,534,8,Auto,2024-12-15,336259.07,0.0963,120
405,1053,8,Business,2024-12-15,726540.66,0.1226,60
406,1584,7,Auto,2024-12-15,678068.82,0.1247,120
407,2039,2,Business,2024-12-15,1459543.41,0.1292,120
408,833,7,Home,2024-12-15,387175.24,0.1209,36
409,845,2,Home,2024-12-15,319861.94,0.1528,120
410,847,7,Home,2024-12-15,596172.79,0.1627,36
411,2191,6,Auto,2024-12-15,1353293.67,0.1582,120
412,1278,7,Personal,2024-12-15,418055.35,0.1381,60
413,501,6,Home,2024-12-15,544210.49,0.1352,120
414,798,5,Education,2024-12-15,1241308.86,0.1475,36
415,609,8,Business,2024-12-15,1064716.54,0.0861,24
416,494,3,Business,2024-12-15,971956.97,0.1554,24
417,1461,4,Auto,2024-12-15,678579.74,0.1708,60
418,1185,6,Home,2024-12-15,1280285.53,0.1112,60
419,571,4,Personal,2024-12-15,2881188.3,0.0976,60
420,1091,4,Auto,2024-12-15,972028.32,0.1308,24
421,675,4,Personal,2024-12-15,901644.28,0.1413,120
422,1850,1,Education,2024-12-15,874275.06,0.1042,120
423,1323,8,Personal,2024-12-15,277172.58,0.1521,120
424,1927,3,Auto,2024-12-15,378320.23,0.1683,120
425,2493,7,Auto,2024-12-15,293217.9,0.1696,36
426,473,8,Personal,2024-12-15,667402.58,0.0892,36
427,2263,8,Auto,2024-12-15,816915.41,0.1553,120
428,1217,3,Home,2024-12-15,1050018.5,0.1547,24
429,310,2,Auto,2024-12-15,399703.32,0.1112,24
430,1415,7,Education,2024-12-15,578828.72,0.1119,24
431,1708,7,Personal,2024-12-15,624752.92,0.0915,36
432,1095,3,Home,2024-12-15,908937.69,0.1634,60
433,2198,6,Home,2024-12-15,534500.94,0.0845,24
434,1335,8,Personal,2024-12-15,1215004.41,0.1226,60
435,1358,3,Auto,2024-12-15,487350.22,0.0972,60
436,867,5,Personal,2024-12-15,515747.54,0.154,60
437,9,7,Auto,2024-12-15,1592793.12,0.1001,24
438,2413,6,Personal,2024-12-15,882121.23,0.1176,60
439,1777,5,Business,2024-12-15,2122129.7,0.1355,60
440,1546,4,Home,2024-12-15,1607975.0,0.0922,60
441,2254,8,Education,2024-12-15,521716.34,0.139,120
442,1324,1,Personal,2024-12-15,541046.62,0.1444,24
443,1705,8,Personal,2024-12-15,1694259.08,0.0991,60
444,1915,4,Personal,2024-12-15,345979.79,0.1196,60
445,1835,7,Personal,2024-12-15,1447247.01,0.1121,36
446,250,5,Home,2024-12-15,751706.39,0.0812,24
447,1534,2,Home,2024-12-15,297568.93,0.0865,60
448,532,3,Personal,2024-12-15,412793.17,0.1304,36
449,591,1,Personal,2024-12-15,404806.16,0.1261,24
450,123,6,Personal,2024-12-15,605434.91,0.1376,24
451,1,4,Business,2024-12-15,330764.87,0.0964,120
452,1586,8,Auto,2024-12-15,687704.38,0.1054,24
453,1926,3,Personal,2024-12-15,878738.84,0.1281,60
454,156,3,Business,2024-12-15,1888927.59,0.1749,120
455,2277,5,Personal,2024-12-15,1105654.85,0.1642,60
456,1659,4,Business,2024-12-15,768553.04,0.1203,120
457,422,7,Home,2024-12-15,875405.17,0.119,60
458,59,1,Home,2024-12-15,361214.46,0.1526,36
459,2250,2,Education,2024-12-15,504742.78,0.1267,24
460,365,8,Personal,2024-12-15,1270304.84,0.1177,60
461,1566,5,Personal,2024-12-15,531834.61,0.1029,24
462,1042,4,Personal,2024-12-15,415503.29,0.1588,36
463,2235,2,Personal,2024-12-15,371939.87,0.163,24
464,1170,1,Education,2024-12-15,1042544.6,0.0934,120
465,2179,8,Auto,2024-12-15,172314.21,0.0841,60
466,1387,1,Home,2024-12-15,1007517.03,0.1082,24
467,1188,2,Personal,2024-12-15,1537766.94,0.1092,60
468,1463,6,Business,2024-12-15,791301.3,0.1503,120
469,819,7,Auto,2024-12-15,515571.77,0.1709,120
470,303,5,Personal,2024-12-15,1244740.13,0.1764,36
471,1759,7,Personal,2024-12-15,159748.13,0.0868,36
472,560,7,Home,2024-12-15,325014.0,0.1443,24
473,1663,2,Personal,2024-12-15,199661.22,0.1622,60
474,317,3,Auto,2024-12-15,907573.51,0.0937,36
475,696,5,Personal,2024-12-15,452973.56,0.1395,36
476,1678,2,Personal,2024-12-15,354192.49,0.0841,24
477,2289,4,Personal,2024-12-15,941722.47,0.1797,24
478,366,5,Education,2024-12-15,285035.51,0.1148,120
479,305,7,Personal,2024-12-15,500093.85,0.1239,60
480,635,8,Education,2024-12-15,2231949.41,0.1035,24
481,315,4,Education,2024-12-15,1119235.94,0.1114,60
482,1305,7,Education,2024-12-15,1102080.45,0.1644,60
483,1907,8,Education,2024-12-15,1047682.87,0.0814,120
484,1289,2,Home,2024-12-15,520067.13,0.1724,24
485,264,7,Auto,2024-12-15,144044.7,0.1605,60
486,2159,4,Home,2024-12-15,951993.03,0.1798,36
487,1692,8,Home,2024-12-15,566994.07,0.1122,36
488,2115,6,Personal,2024-12-15,4802917.58,0.0989,24
489,1073,8,Home,2024-12-15,584707.41,0.1641,24
490,1849,8,Auto,2024-12-15,221845.98,0.1451,120
491,636,8,Personal,2024-12-15,977496.54,0.1115,36
492,396,7,Auto,2024-12-15,244046.83,0.1483,60
493,775,4,Personal,2024-12-15,525823.13,0.1282,120
494,1523,1,Personal,2024-12-15,494338.48,0.0859,60
495,147,3,Home,2024-12-15,1594424.02,0.117,60
496,1791,4,Home,2024-12-15,433164.48,0.0996,60
497,1474,5,Personal,2024-12-15,2026654.48,0.0902,36
498,203,7,Home,2024-12-15,2277240.04,0.1635,60
499,1843,8,Education,2024-12-15,1542696.51,0.1626,36
500,1994,3,Auto,2024-12-15,293995.84,0.1318,24
501,436,3,Auto,2024-12-15,950222.83,0.1332,120
502,1081,8,Home,2024-12-15,936593.7,0.148,60
503,324,2,Personal,2024-12-15,1113822.64,0.1578,36
504,1700,8,Auto,2024-12-15,1015678.31,0.164,24
505,1799,6,Business,2024-12-15,1410039.4,0.1536,60
506,1105,1,Business,2024-12-15,1805899.49,0.1764,120
507,1832,5,Personal,2024-12-15,428945.03,0.1087,36
508,1621,8,Home,2024-12-15,280834.8,0.1524,60
509,1143,6,Business,2024-12-15,1791630.2,0.1079,120
510,286,2,Home,2024-12-15,651676.18,0.16,36
511,1123,6,Personal,2024-12-15,1702941.9,0.1455,24
512,2251,4,Home,2024-12-15,2660248.69,0.1515,60
513,1905,1,Education,2024-12-15,1038617.76,0.133,120
514,207,5,Personal,2024-12-15,583780.66,0.1007,36
515,1193,2,Home,2024-12-15,826666.15,0.1691,24
516,374,8,Education,2024-12-15,2327355.27,0.1781,120
517,2458,2,Personal,2024-12-15,1652306.41,0.1178,36
518,527,3,Auto,2024-12-15,947962.4,0.1617,60
519,406,1,Education,2024-12-15,1254626.79,0.1247,36
520,1594,6,Education,2024-12-15,393846.98,0.133,36
521,535,7,Auto,2024-12-15,530192.02,0.1742,120
522,999,7,Auto,2024-12-15,1520687.6,0.1261,60
523,1558,6,Personal,2024-12-15,2135155.66,0.1036,120
524,726,7,Home,2024-12-15,449971.8,0.0814,120
525,1426,7,Business,2024-12-15,709268.52,0.084,24
526,2100,1,Home,2024-12-15,1408130.05,0.1268,60
527,1684,2,Personal,2024-12-15,465067.09,0.1391,120
528,1242,5,Home,2024-12-15,499551.08,0.1199,24
529,2006,1,Personal,2024-12-15,423963.94,0.0907,36
530,1637,5,Personal,2024-12-15,5091521.59,0.1636,60
531,1139,5,Personal,2024-12-15,952203.14,0.0913,60
532,513,6,Education,2024-12-15,746068.69,0.1254,24
533,1194,6,Auto,2024-12-15,1101371.53,0.1189,24
534,1887,1,Auto,2024-12-15,383466.11,0.1514,24
535,1098,8,Auto,2024-12-15,1130315.97,0.1014,120
536,2145,3,Auto,2024-12-15,733069.96,0.1604,60
537,361,4,Business,2024-12-15,1032396.01,0.1607,120
538,529,7,Personal,2024-12-15,2580285.56,0.1194,60
539,1087,3,Personal,2024-12-15,493259.31,0.1254,120
540,1486,4,Home,2024-12-15,648847.77,0.1681,24
541,706,1,Personal,2024-12-15,884232.16,0.1714,24
542,2314,8,Personal,2024-12-15,397127.03,0.1633,36
543,902,7,Home,2024-12-15,870369.98,0.0851,120
544,1102,4,Auto,2024-12-15,1105223.81,0.1561,36
545,1400,8,Personal,2024-12-15,582074.05,0.1551,24
546,219,8,Personal,2024-12-15,1227455.83,0.1766,24
547,1969,3,Business,2024-12-15,542796.39,0.1222,60
548,1974,7,Personal,2024-12-15,1986553.01,0.1227,36
549,68,8,Personal,2024-12-15,744083.94,0.0996,36
550,690,2,Business,2024-12-15,656687.17,0.1117,120
551,133,7,Auto,2024-12-15,2394858.98,0.1474,120
552,2468,8,Home,2024-12-15,1271680.64,0.1277,120
553,859,7,Auto,2024-12-15,1090297.66,0.1545,60
554,1714,4,Home,2024-12-15,611678.24,0.1166,24
555,15,5,Personal,2024-12-15,1330083.87,0.1292,36
556,1794,4,Personal,2024-12-15,655674.87,0.0914,24
557,2193,1,Home,2024-12-15,1161843.51,0.1741,60
558,879,2,Home,2024-12-15,1201367.91,0.141,120
559,1865,3,Business,2024-12-15,479538.11,0.159,60
560,1379,3,Auto,2024-12-15,858177.08,0.1251,36
561,1725,8,Personal,2024-12-15,1242053.75,0.1621,24
562,2111,8,Home,2024-12-15,3143379.64,0.1312,120
563,673,8,Home,2024-12-15,282998.65,0.1287,60
564,208,8,Home,2024-12-15,1013121.72,0.128,36
565,1298,8,Home,2024-12-15,505846.01,0.0994,120
566,1704,5,Personal,2024-12-15,340563.79,0.1546,120
567,808,2,Home,2024-12-15,1244227.79,0.1353,60
568,1989,2,Home,2024-12-15,1258246.71,0.1001,60
569,2212,3,Home,2024-12-15,2344040.07,0.0892,24
570,476,8,Auto,2024-12-15,492777.02,0.1449,36
571,194,4,Home,2024-12-15,1549606.4,0.12,120
572,1477,5,Personal,2024-12-15,183340.49,0.11,24
573,1622,1,Auto,2024-12-15,1863642.79,0.1499,60
574,2110,1,Home,2024-12-15,292191.92,0.119,24
575,607,1,Home,2024-12-15,1969349.84,0.0841,24
576,1867,6,Personal,2024-12-15,3185923.34,0.1019,24
577,1472,4,Home,2024-12-15,387827.71,0.0901,120
578,640,3,Personal,2024-12-15,565213.83,0.0977,24
579,1552,2,Auto,2024-12-15,2351534.88,0.1133,120
580,2442,1,Home,2024-12-15,1361837.65,0.1192,24
581,1262,5,Business,2024-12-15,841899.26,0.1179,120
582,761,5,Personal,2024-12-15,804828.01,0.1644,60
583,556,8,Home,2024-12-15,474696.46,0.1605,24
584,830,1,Personal,2024-12-15,1361442.0,0.1323,24
585,1618,6,Home,2024-12-15,1006077.96,0.104,24
586,940,3,Home,2024-12-15,2212098.96,0.1364,36
587,1510,4,Home,2024-12-15,720565.84,0.091,36
588,2494,6,Business,2024-12-15,1082516.95,0.1288,24
589,1866,6,Auto,2024-12-15,391374.38,0.084,36
590,700,7,Personal,2024-12-15,577894.26,0.1502,36
591,355,7,Home,2024-12-15,1067261.41,0.1135,36
592,1352,2,Personal,2024-12-15,639847.3,0.0936,24
593,215,8,Auto,2024-12-15,632352.73,0.1511,24
594,2011,5,Home,2024-12-15,1985934.11,0.0818,36
595,413,7,Personal,2024-12-15,137613.5,0.154,120
596,866,5,Auto,2024-12-15,611344.51,0.1426,120
597,2133,3,Home,2024-12-15,956053.62,0.0863,60
598,1716,5,Business,2024-12-15,233891.31,0.1744,120
599,1862,3,Education,2024-12-15,1658917.16,0.0882,120
600,417,2,Home,2024-12-15,365060.69,0.1081,24
601,1960,3,Business,2024-12-15,297776.52,0.1217,36
602,537,4,Personal,2024-12-15,1377770.3,0.1596,120
603,1581,5,Business,2024-12-15,831337.47,0.1782,120
604,292,3,Personal,2024-12-15,1913317.2,0.1605,120
605,46,6,Home,2024-12-15,495933.5,0.1735,60
606,1973,8,Auto,2024-12-15,1245433.7,0.177,36
607,2431,8,Auto,2024-12-15,1020884.15,0.1669,24
608,1982,6,Personal,2024-12-15,694301.96,0.1297,120
609,1761,5,Personal,2024-12-15,1208987.17,0.114,120
610,1789,6,Education,2024-12-15,2213859.35,0.0811,36
611,953,8,Personal,2024-12-15,434964.2,0.1141,60
612,661,6,Personal,2024-12-15,548650.62,0.1269,36
613,2469,1,Auto,2024-12-15,1487508.48,0.0959,36
614,193,4,Home,2024-12-15,508804.74,0.1061,120
615,1436,1,Personal,2024-12-15,991443.01,0.1596,36
616,658,6,Business,2024-12-15,2667514.38,0.1367,60
617,2026,4,Auto,2024-12-15,644603.33,0.1454,36
618,1099,5,Home,2024-12-15,2280622.17,0.1689,36
619,1640,2,Home,2024-12-15,785394.11,0.1048,60
620,2329,1,Auto,2024-12-15,717322.76,0.1354,120
621,1466,3,Home,2024-12-15,199070.63,0.1547,120
622,898,7,Auto,2024-12-15,719177.93,0.1754,120
623,986,7,Personal,2024-12-15,1835706.45,0.092,60
624,2402,4,Education,2024-12-15,476437.08,0.0874,60
625,787,1,Education,2024-12-15,254847.94,0.1378,60
626,2237,8,Business,2024-12-15,571312.91,0.1619,60
627,1653,2,Personal,2024-12-15,417662.68,0.1189,36
628,1446,4,Personal,2024-12-15,1059837.84,0.1173,60
629,2154,6,Home,2024-12-15,918073.3,0.1004,24
630,2074,3,Home,2024-12-15,2333967.51,0.1496,24
631,486,5,Auto,2024-12-15,1067131.2,0.1037,120
632,1568,6,Home,2024-12-15,972749.65,0.0828,60
633,533,3,Home,2024-12-15,1900199.61,0.1398,24
634,2287,1,Auto,2024-12-15,1312566.03,0.1724,120
635,1953,2,Auto,2024-12-15,324011.07,0.1207,24
636,1525,6,Personal,2024-12-15,993251.21,0.1008,120
637,753,3,Home,2024-12-15,495567.9,0.1376,36
638,935,5,Auto,2024-12-15,2397053.86,0.1162,24
639,1203,5,Home,2024-12-15,1395984.96,0.0883,24
640,2233,1,Home,2024-12-15,2006259.72,0.1784,120
641,647,2,Personal,2024-12-15,1063290.54,0.1041,60
642,57,1,Business,2024-12-15,2094269.46,0.1181,24
643,893,2,Auto,2024-12-15,835296.35,0.1772,60
644,1140,1,Personal,2024-12-15,1414128.86,0.177,120
645,945,5,Education,2024-12-15,458182.25,0.1366,36
646,578,4,Home,2024-12-15,3014469.5,0.1055,60
647,2024,7,Home,2024-12-15,1704673.1,0.1551,36
648,587,2,Personal,2024-12-15,1510774.18,0.1154,36
649,2273,4,Personal,2024-12-15,4973144.87,0.1294,36
650,2106,3,Home,2024-12-15,2966461.33,0.1065,24
651,691,4,Business,2024-12-15,1732097.26,0.1282,60
652,441,2,Auto,2024-12-15,265494.01,0.1215,24
653,1648,2,Auto,2024-12-15,464868.32,0.1556,60
654,1020,7,Home,2024-12-15,902150.65,0.1523,36
655,1444,6,Business,2024-12-15,681208.52,0.1002,36
656,1195,4,Personal,2024-12-15,492299.69,0.1451,120
657,36,1,Home,2024-12-15,2291807.34,0.0834,60
658,1950,5,Auto,2024-12-15,840700.16,0.107,60
659,2303,1,Education,2024-12-15,577539.9,0.098,60
660,610,2,Personal,2024-12-15,2016799.65,0.1782,24
661,138,3,Personal,2024-12-15,1254606.4,0.1013,36
662,962,4,Personal,2024-12-15,1435812.17,0.0917,60
663,1113,6,Business,2024-12-15,2361749.18,0.1119,120
664,1649,8,Home,2024-12-15,443230.07,0.1762,60
665,1774,5,Personal,2024-12-15,608332.75,0.1351,60
666,496,1,Home,2024-12-15,1103629.84,0.1184,120
667,2058,1,Business,2024-12-15,559917.34,0.161,36
668,1518,7,Home,2024-12-15,657057.84,0.135,36
669,284,1,Home,2024-12-15,1379187.11,0.1151,120
670,1538,4,Auto,2024-12-15,1339596.16,0.1052,36
671,1369,1,Home,2024-12-15,1356957.95,0.086,60
672,1630,8,Business,2024-12-15,566588.52,0.1483,36
673,381,2,Education,2024-12-15,410520.96,0.1483,60
674,1939,1,Auto,2024-12-15,289413.03,0.1659,120
675,878,7,Business,2024-12-15,1437431.28,0.11,24
676,758,4,Auto,2024-12-15,222318.83,0.133,60
677,104,4,Personal,2024-12-15,1109855.87,0.1244,120
678,1320,4,Home,2024-12-15,826087.78,0.1723,24
679,26,3,Personal,2024-12-15,291087.88,0.0994,36
680,1877,6,Personal,2024-12-15,1148811.65,0.0834,36
681,585,1,Education,2024-12-15,916007.47,0.1489,60
682,445,7,Home,2024-12-15,1399121.85,0.1326,120
683,721,5,Personal,2024-12-15,2551389.72,0.1153,36
684,295,6,Personal,2024-12-15,1028768.48,0.1165,24
685,1152,5,Home,2024-12-15,668989.1,0.1157,60
686,1909,8,Education,2024-12-15,956944.13,0.0994,36
687,676,8,Auto,2024-12-15,379300.57,0.1747,24
688,1743,8,Business,2024-12-15,2309028.66,0.1277,24
689,1769,5,Personal,2024-12-15,1064659.74,0.1753,120
690,2186,6,Personal,2024-12-15,525676.27,0.1082,120
691,223,8,Auto,2024-12-15,970050.74,0.0866,120
692,1046,8,Home,2024-12-15,941019.09,0.0803,120
693,161,8,Personal,2024-12-15,961960.81,0.1351,36
694,2477,4,Home,2024-12-15,347908.49,0.1312,60
695,1932,3,Auto,2024-12-15,593167.83,0.1504,24
696,1856,7,Personal,2024-12-15,271264.06,0.1253,24
697,2441,2,Education,2024-12-15,867462.27,0.1589,60
698,1997,3,Home,2024-12-15,674886.85,0.137,36
699,1210,6,Business,2024-12-15,2159283.73,0.1019,36
700,1978,2,Home,2024-12-15,1361427.26,0.1641,24
701,1505,8,Education,2024-12-15,1930504.7,0.1749,120
702,119,6,Home,2024-12-15,467854.7,0.1057,24
703,336,8,Home,2024-12-15,537362.92,0.113,36
704,1071,2,Personal,2024-12-15,499585.22,0.1378,24
705,283,3,Auto,2024-12-15,721804.78,0.1544,60
706,153,1,Auto,2024-12-15,1455820.5,0.1544,60
707,1235,6,Auto,2024-12-15,1951455.99,0.1731,120
708,2031,3,Personal,2024-12-15,1150922.62,0.0963,120
709,717,2,Personal,2024-12-15,969946.18,0.1398,60
710,2325,8,Business,2024-12-15,679192.94,0.1645,36
711,1638,3,Home,2024-12-15,356601.5,0.1211,24
712,1213,3,Personal,2024-12-15,1501755.54,0.1549,24
713,580,8,Auto,2024-12-15,1908647.64,0.164,36
714,50,6,Personal,2024-12-15,1604326.61,0.1236,36
715,1655,8,Home,2024-12-15,470828.09,0.1349,60
716,1728,4,Personal,2024-12-15,601901.09,0.1577,120
717,543,1,Auto,2024-12-15,1502990.74,0.1777,36
718,5,8,Business,2024-12-15,92128.23,0.1284,24
719,530,6,Business,2024-12-15,1670708.13,0.083,120
720,682,3,Business,2024-12-15,852895.84,0.1368,60
721,1631,2,Personal,2024-12-15,3362038.33,0.1277,120
722,1028,8,Home,2024-12-15,1789906.29,0.1742,120
723,996,6,Auto,2024-12-15,658911.12,0.1159,60
724,1765,1,Home,2024-12-15,854187.65,0.1346,120
725,1780,1,Auto,2024-12-15,727303.09,0.1402,24
726,536,4,Home,2024-12-15,647212.67,0.1322,36
727,402,5,Home,2024-12-15,338221.01,0.0956,60
728,1119,5,Personal,2024-12-15,571534.05,0.1559,60
729,1036,8,Education,2024-12-15,3054835.6,0.143,36
730,1688,8,Auto,2024-12-15,754216.07,0.1021,60
731,1260,1,Auto,2024-12-15,562952.47,0.1188,60
732,637,3,Personal,2024-12-15,169564.12,0.1695,120
733,679,7,Personal,2024-12-15,1549276.27,0.1335,60
734,2025,4,Auto,2024-12-15,1512469.35,0.1388,60
735,33,2,Auto,2024-12-15,399513.02,0.0961,24
736,99,1,Home,2024-12-15,1596542.9,0.1192,120
737,1904,3,Home,2024-12-15,987235.25,0.093,36
738,2475,8,Personal,2024-12-15,631025.96,0.124,120
739,987,6,Personal,2024-12-15,2420657.96,0.1562,36
740,1312,2,Business,2024-12-15,1036304.48,0.1005,24
741,358,6,Home,2024-12-15,644410.74,0.1435,120
742,2404,7,Personal,2024-12-15,1536543.41,0.1738,120
743,1145,6,Home,2024-12-15,807365.76,0.1662,60
744,1045,5,Personal,2024-12-15,227540.95,0.1219,24
745,1723,7,Home,2024-12-15,232585.41,0.1728,24
746,747,1,Business,2024-12-15,316749.55,0.1418,36
747,58,4,Personal,2024-12-15,205437.12,0.1622,24
748,1467,3,Auto,2024-12-15,669320.13,0.171,24
749,2169,2,Home,2024-12-15,534592.36,0.1313,24
750,463,1,Business,2024-12-15,2183951.52,0.1233,24
751,2474,8,Home,2024-12-15,1134583.12,0.1073,120
752,2356,2,Business,2024-12-15,1090325.39,0.1321,120
753,1579,6,Personal,2024-12-15,780246.59,0.1769,36
754,1672,6,Personal,2024-12-15,204608.35,0.1058,120
755,581,2,Education,2024-12-15,447176.98,0.12,60
756,2272,6,Personal,2024-12-15,942302.08,0.0849,36
757,818,3,Personal,2024-12-15,1146317.41,0.1125,36
758,2309,6,Education,2024-12-15,662078.3,0.1166,60
759,1603,7,Personal,2024-12-15,582532.99,0.1734,120
760,2269,3,Home,2024-12-15,888416.74,0.0968,120
761,1709,1,Home,2024-12-15,952297.72,0.1237,120
762,2456,8,Business,2024-12-15,484003.23,0.1233,120
763,1430,1,Home,2024-12-15,298289.79,0.1495,120
764,2382,1,Personal,2024-12-15,1093958.36,0.131,60
765,1160,6,Education,2024-12-15,132931.38,0.0828,60
766,1290,7,Personal,2024-12-15,656397.82,0.1291,24
767,1479,8,Auto,2024-12-15,882248.96,0.1667,24
768,1677,3,Personal,2024-12-15,937553.88,0.1449,120
769,118,7,Auto,2024-12-15,576229.56,0.1501,120
770,1462,7,Home,2024-12-15,505799.94,0.1137,24
771,1268,8,Business,2024-12-15,1810885.12,0.1721,24
772,642,5,Education,2024-12-15,968407.09,0.1069,60
773,1868,4,Auto,2024-12-15,468906.74,0.1365,120
774,1013,4,Business,2024-12-15,1105094.23,0.179,36
775,1957,2,Personal,2024-12-15,1329008.14,0.0811,24
776,669,6,Auto,2024-12-15,1059345.01,0.0925,60
777,604,7,Personal,2024-12-15,607203.4,0.1221,120
778,2492,5,Home,2024-12-15,402828.67,0.0934,60
779,1002,3,Education,2024-12-15,1490017.66,0.1211,60
780,248,6,Home,2024-12-15,1012954.64,0.179,24
781,1818,4,Business,2024-12-15,245050.88,0.1712,120
782,2227,4,Auto,2024-12-15,1128417.5,0.0958,60
783,2205,8,Auto,2024-12-15,570227.49,0.1359,120
784,979,3,Business,2024-12-15,2105714.15,0.1717,36
785,2000,2,Auto,2024-12-15,180196.32,0.0992,120
786,667,6,Personal,2024-12-15,1573816.52,0.1601,120
787,356,8,Auto,2024-12-15,896564.76,0.1003,36
788,157,1,Personal,2024-12-15,2368797.27,0.1382,120
789,1153,3,Auto,2024-12-15,1297306.91,0.1347,60
790,727,5,Auto,2024-12-15,806498.47,0.0816,36
791,1216,8,Business,2024-12-15,1873563.69,0.1089,24
792,741,7,Business,2024-12-15,327894.66,0.1297,24
793,367,2,Personal,2024-12-15,1110210.77,0.089,24
794,1531,8,Home,2024-12-15,608632.98,0.1674,120
795,1354,4,Personal,2024-12-15,775211.05,0.1273,36
796,2459,2,Home,2024-12-15,1002368.33,0.1299,24
797,125,7,Personal,2024-12-15,327651.29,0.1146,24
798,1713,6,Personal,2024-12-15,305861.66,0.0971,120
799,2403,5,Home,2024-12-15,728430.78,0.1641,24
800,185,8,Auto,2024-12-15,446691.87,0.0897,24
801,478,4,Personal,2024-12-15,1084434.41,0.172,120
802,1730,3,Education,2024-12-15,283278.74,0.1628,60
803,2330,6,Home,2024-12-15,1407116.46,0.1263,120
804,1809,2,Home,2024-12-15,1069373.42,0.1218,120
805,1501,8,Personal,2024-12-15,317754.83,0.1697,60
806,1230,3,Auto,2024-12-15,633886.14,0.1692,24
807,1876,4,Personal,2024-12-15,273340.17,0.145,60
808,802,1,Personal,2024-12-15,759727.22,0.155,120
809,1781,2,Auto,2024-12-15,313970.76,0.1463,24
810,1030,5,Education,2024-12-15,747269.81,0.1536,60
811,1482,8,Home,2024-12-15,749854.47,0.132,24
812,2098,3,Home,2024-12-15,1538873.67,0.1601,24
813,564,4,Personal,2024-12-15,509803.18,0.1035,60
814,66,3,Personal,2024-12-15,1532341.07,0.1579,24
815,1282,7,Personal,2024-12-15,514621.01,0.1433,24
816,1168,6,Auto,2024-12-15,400148.5,0.087,24
817,2350,4,Home,2024-12-15,367025.0,0.1528,24
818,2328,2,Personal,2024-12-15,922542.38,0.12,36
819,1522,4,Auto,2024-12-15,176783.74,0.1047,120
820,2128,6,Personal,2024-12-15,884076.35,0.1713,36
821,2334,7,Auto,2024-12-15,204205.28,0.09,120
822,627,7,Auto,2024-12-15,2428878.41,0.1531,24
823,1605,6,Business,2024-12-15,1421301.07,0.1299,120
824,309,3,Education,2024-12-15,1985286.08,0.1119,120
825,1294,8,Business,2024-12-15,699025.95,0.1008,36
826,934,7,Personal,2024-12-15,880821.35,0.1238,120
827,947,6,Home,2024-12-15,3211961.14,0.1761,60
828,584,2,Business,2024-12-15,619865.07,0.1005,36
829,1453,3,Personal,2024-12-15,1203572.91,0.148,120
830,484,5,Education,2024-12-15,1038358.87,0.1231,36
831,1988,8,Auto,2024-12-15,1234744.01,0.1515,24
832,786,1,Home,2024-12-15,2484480.71,0.0977,60
833,72,3,Personal,2024-12-15,532677.62,0.1213,120
834,1890,3,Personal,2024-12-15,127183.29,0.0966,36
835,160,6,Home,2024-12-15,1601288.23,0.1326,60
836,2399,2,Business,2024-12-15,1483156.22,0.1445,120
837,1475,5,Business,2024-12-15,479737.84,0.1064,36
838,1301,1,Business,2024-12-15,920736.76,0.0924,60
839,1748,7,Home,2024-12-15,438441.62,0.1563,120
840,807,1,Home,2024-12-15,379558.15,0.1536,60
841,1277,8,Auto,2024-12-15,246920.75,0.1425,60
842,1060,6,Home,2024-12-15,7339955.74,0.1012,120
843,1536,7,Home,2024-12-15,398614.63,0.1628,24
844,2053,7,Home,2024-12-15,1243716.88,0.1292,60
845,412,3,Personal,2024-12-15,1914522.25,0.1063,120
846,326,2,Personal,2024-12-15,616511.21,0.1097,36
847,1500,1,Personal,2024-12-15,1922877.07,0.1582,24
848,2050,7,Business,2024-12-15,2873079.3,0.158,60
849,420,2,Personal,2024-12-15,1796047.98,0.127,120
850,1900,1,Personal,2024-12-15,1376443.99,0.0857,120
851,154,5,Auto,2024-12-15,315978.6,0.1467,60
852,718,7,Personal,2024-12-15,738480.48,0.1271,36
853,2486,2,Personal,2024-12-15,309977.74,0.1099,36
854,1562,4,Business,2024-12-15,875744.23,0.163,60
855,1894,3,Education,2024-12-15,1106158.76,0.1371,120
856,198,6,Personal,2024-12-15,514491.29,0.0802,24
857,1752,1,Personal,2024-12-15,890346.15,0.1139,36
858,1421,4,Auto,2024-12-15,122292.51,0.1557,36
859,938,7,Auto,2024-12-15,624899.1,0.161,36
860,1632,3,Auto,2024-12-15,1096548.86,0.0816,24
861,1056,7,Personal,2024-12-15,613430.25,0.1196,120
862,1871,5,Personal,2024-12-15,452260.89,0.0836,120
863,1644,2,Personal,2024-12-15,1689133.46,0.0928,60
864,2081,7,Personal,2024-12-15,450509.0,0.1268,60
865,2473,3,Personal,2024-12-15,820710.31,0.1461,36
866,1146,7,Home,2024-12-15,2649726.4,0.1047,60
867,608,3,Home,2024-12-15,2642488.89,0.1727,36
868,2077,3,Auto,2024-12-15,237245.35,0.16,60
869,242,7,Auto,2024-12-15,742006.14,0.0834,24
870,251,3,Personal,2024-12-15,817181.84,0.1009,24
871,2099,5,Business,2024-12-15,1307773.93,0.1302,120
872,600,8,Personal,2024-12-15,1299629.28,0.1196,120
873,1382,5,Personal,2024-12-15,530772.43,0.1681,60
874,314,5,Education,2024-12-15,599678.0,0.1386,24
875,1745,4,Personal,2024-12-15,722134.25,0.1689,120
876,1685,3,Business,2024-12-15,1381747.01,0.1758,120
877,1488,1,Business,2024-12-15,821843.78,0.104,60
878,617,8,Personal,2024-12-15,1086838.73,0.1284,120
879,1075,1,Business,2024-12-15,3005963.97,0.0969,120
880,485,3,Auto,2024-12-15,441650.82,0.096,24
881,1996,6,Home,2024-12-15,725043.14,0.1626,24
882,705,8,Education,2024-12-15,438944.67,0.1652,36
883,512,5,Business,2024-12-15,1060074.83,0.127,36
884,937,1,Home,2024-12-15,459126.61,0.1409,36
885,1043,3,Personal,2024-12-15,934298.96,0.1503,120
886,440,3,Home,2024-12-15,793225.56,0.1509,120
887,1162,4,Home,2024-12-15,1301143.9,0.1549,120
888,1717,5,Personal,2024-12-15,1248410.07,0.1789,36
889,1706,8,Home,2024-12-15,255240.48,0.1704,120
890,1367,2,Home,2024-12-15,529154.06,0.1456,60
891,922,5,Home,2024-12-15,1159555.11,0.1551,24
892,1114,6,Auto,2024-12-15,733495.56,0.0943,60
893,1956,4,Auto,2024-12-15,1977680.36,0.1408,24
894,2197,7,Home,2024-12-15,483748.3,0.1137,60
895,348,8,Auto,2024-12-15,550468.73,0.1117,36
896,1958,6,Auto,2024-12-15,414010.45,0.1435,60
897,2164,8,Business,2024-12-15,1453917.57,0.0918,60
898,1083,4,Personal,2024-12-15,829922.94,0.121,60
899,1405,8,Auto,2024-12-15,441688.94,0.1277,36
900,281,2,Home,2024-12-15,640625.16,0.1365,24
901,2400,2,Personal,2024-12-15,358325.25,0.1081,120
902,1870,3,Business,2024-12-15,764983.8,0.1196,60
903,1016,1,Business,2024-12-15,480453.45,0.1736,120
904,1587,1,Home,2024-12-15,395103.79,0.1482,36
905,273,5,Personal,2024-12-15,1324086.29,0.09,36
906,1058,4,Personal,2024-12-15,325339.39,0.1406,120
907,1565,6,Personal,2024-12-15,1332175.32,0.1603,60
908,493,6,Auto,2024-12-15,1526137.92,0.118,36
909,1837,4,Personal,2024-12-15,438062.25,0.1425,24
910,695,7,Auto,2024-12-15,635517.22,0.1261,120
911,1615,5,Education,2024-12-15,1554454.85,0.0966,60
912,266,4,Home,2024-12-15,259889.63,0.1023,36
913,475,4,Personal,2024-12-15,1365965.48,0.1256,24
914,1272,4,Education,2024-12-15,601054.23,0.1796,24
915,1224,4,Personal,2024-12-15,2085146.72,0.1403,60
916,168,2,Home,2024-12-15,980455.69,0.1004,36
917,1182,2,Education,2024-12-15,652210.45,0.1748,60
918,557,6,Auto,2024-12-15,527258.91,0.0977,36
919,2200,6,Auto,2024-12-15,1458367.7,0.162,60
920,1528,5,Auto,2024-12-15,1422995.03,0.1209,24
921,1093,4,Personal,2024-12-15,348103.87,0.086,36
922,1635,3,Home,2024-12-15,938131.37,0.1507,36
923,1370,5,Personal,2024-12-15,662870.8,0.1396,120
924,1829,3,Personal,2024-12-15,1238095.12,0.1258,60
925,186,6,Auto,2024-12-15,1013754.94,0.1159,36
926,594,1,Home,2024-12-15,1178161.94,0.1767,120
927,2108,8,Home,2024-12-15,1729676.15,0.0869,120
928,2425,7,Personal,2024-12-15,699821.98,0.1344,24
929,1813,2,Education,2024-12-15,743472.08,0.145,120
930,1863,6,Business,2024-12-15,1930337.41,0.1147,60
931,606,7,Auto,2024-12-15,1388329.51,0.1555,24
932,2430,5,Personal,2024-12-15,2026033.03,0.1618,120
933,1440,6,Home,2024-12-15,3162600.33,0.0881,120
934,2116,8,Personal,2024-12-15,597380.94,0.1307,120
935,1947,3,Business,2024-12-15,1843953.37,0.1503,36
936,1416,6,Auto,2024-12-15,951757.47,0.1293,36
937,394,3,Auto,2024-12-15,318058.95,0.1025,24
938,1351,6,Personal,2024-12-15,1124528.98,0.1788,120
939,1328,4,Education,2024-12-15,1077087.79,0.17,24
940,885,4,Personal,2024-12-15,754753.13,0.0858,120
941,762,5,Personal,2024-12-15,238849.81,0.147,36
942,2352,5,Home,2024-12-15,1925888.5,0.1627,60
943,2465,5,Home,2024-12-15,1860716.85,0.0981,36
944,749,1,Education,2024-12-15,573358.42,0.1171,36
945,1826,6,Personal,2024-12-15,1520619.21,0.1466,36
946,551,7,Home,2024-12-15,1523036.71,0.0953,36
947,481,2,Personal,2024-12-15,375158.15,0.1136,24
948,460,4,Personal,2024-12-15,939526.78,0.1287,24
949,1815,8,Personal,2024-12-15,839724.83,0.1116,36
950,1353,4,Auto,2024-12-15,4846051.23,0.1018,36
951,2232,4,Auto,2024-12-15,692334.54,0.15,24
952,710,8,Personal,2024-12-15,1525329.41,0.1577,24
953,42,6,Personal,2024-12-15,509661.16,0.162,120
954,949,2,Home,2024-12-15,1190683.54,0.146,24
955,768,4,Home,2024-12-15,949122.06,0.0932,60
956,757,8,Education,2024-12-15,656359.34,0.1492,60
957,254,6,Personal,2024-12-15,837285.93,0.1555,36
958,349,2,Personal,2024-12-15,286834.36,0.1267,24
959,1362,6,Personal,2024-12-15,1044154.88,0.0915,24
960,302,3,Auto,2024-12-15,973529.3,0.1018,120
961,692,7,Home,2024-12-15,294259.71,0.1264,60
962,514,8,Personal,2024-12-15,1526370.46,0.1423,120
963,2107,6,Auto,2024-12-15,554061.46,0.1269,36
964,1136,3,Personal,2024-12-15,2596160.17,0.0809,36
965,344,5,Auto,2024-12-15,574163.89,0.1689,36
966,1999,3,Personal,2024-12-15,473516.61,0.1786,120
967,773,1,Home,2024-12-15,2626224.15,0.1701,60
968,294,6,Home,2024-12-15,1078775.41,0.1633,24
969,1006,4,Home,2024-12-15,1419166.5,0.1258,36
970,1304,1,Home,2024-12-15,2100211.05,0.1463,36
971,2311,8,Personal,2024-12-15,602088.2,0.1307,60
972,1970,1,Auto,2024-12-15,303583.81,0.094,36
973,645,7,Home,2024-12-15,529644.92,0.1456,36
974,2266,8,Business,2024-12-15,737804.26,0.1656,60
975,2246,7,Business,2024-12-15,668880.48,0.1762,60
976,498,1,Education,2024-12-15,536991.44,0.17,24
977,2258,4,Personal,2024-12-15,1277710.24,0.1468,120
978,550,8,Auto,2024-12-15,394930.16,0.0901,24
979,1492,4,Auto,2024-12-15,499895.91,0.1239,60
980,1021,1,Personal,2024-12-15,723214.98,0.1112,24
981,1893,1,Auto,2024-12-15,509449.79,0.1584,36
982,434,1,Home,2024-12-15,826561.36,0.1172,120
983,2305,5,Home,2024-12-15,540496.24,0.0857,120
984,1604,3,Personal,2024-12-15,598750.66,0.091,24
985,1355,4,Auto,2024-12-15,1012580.62,0.1495,60
986,844,3,Home,2024-12-15,1359962.87,0.1165,60
987,1173,2,Personal,2024-12-15,3548468.88,0.1737,120
988,778,6,Auto,2024-12-15,306706.07,0.1198,24
989,258,2,Business,2024-12-15,483643.3,0.1631,120
990,504,1,Education,2024-12-15,4558352.13,0.1189,36
991,855,2,Auto,2024-12-15,2933549.08,0.1704,120
992,686,3,Home,2024-12-15,102279.81,0.1337,24
993,1205,3,Home,2024-12-15,164587.71,0.1197,36
994,1554,8,Auto,2024-12-15,2118578.96,0.0818,120
995,1910,6,Personal,2024-12-15,471856.29,0.1636,120
996,93,3,Personal,2024-12-15,295511.79,0.1004,120
997,908,2,Auto,2024-12-15,524221.92,0.082,36
998,427,2,Home,2024-12-15,864130.25,0.1004,120
999,1493,7,Personal,2024-12-15,243796.27,0.1612,120
1000,1855,4,Home,2024-12-15,734005.36,0.0855,60
1001,1484,4,Auto,2024-12-15,394897.83,0.1028,36
1002,2415,8,Auto,2024-12-15,1877974.65,0.1028,120
1003,1459,2,Business,2024-12-15,959790.87,0.0932,60
1004,1232,8,Personal,2024-12-15,497653.08,0.0903,120
1005,797,1,Personal,2024-12-15,478498.91,0.135,120
1006,2336,5,Home,2024-12-15,1020457.45,0.1405,36
1007,1563,6,Auto,2024-12-15,1388711.24,0.1527,24
1008,2461,2,Home,2024-12-15,661751.48,0.0899,24
1009,1361,5,Personal,2024-12-15,1475058.11,0.1642,120
1010,1550,5,Home,2024-12-15,487032.78,0.1394,60
1011,190,8,Auto,2024-12-15,1031931.88,0.1673,60
1012,748,3,Personal,2024-12-15,565994.05,0.0832,120
1013,559,6,Personal,2024-12-15,2236588.34,0.1351,36
1014,752,3,Business,2024-12-15,457679.66,0.1688,120
1015,2500,3,Auto,2024-12-15,530900.94,0.1131,24
1016,2117,4,Personal,2024-12-15,1886489.52,0.1756,120
1017,1785,5,Home,2024-12-15,309178.25,0.0973,120
1018,332,5,Auto,2024-12-15,681795.86,0.1161,60
1019,2271,5,Home,2024-12-15,807062.55,0.1558,60
1020,1252,7,Personal,2024-12-15,1387030.48,0.0835,120
1021,1661,2,Auto,2024-12-15,2080202.85,0.1003,60
1022,2165,1,Personal,2024-12-15,644071.33,0.1748,24
1023,2252,5,Home,2024-12-15,438140.73,0.1555,36
1024,2480,5,Auto,2024-12-15,880836.06,0.1173,36
1025,1246,6,Personal,2024-12-15,2077323.78,0.0889,24
1026,634,5,Home,2024-12-15,1105161.55,0.1641,36
1027,1197,1,Auto,2024-12-15,521279.31,0.1553,36
1028,755,2,Home,2024-12-15,1398669.98,0.129,120
1029,1975,4,Home,2024-12-15,1539728.05,0.1329,60
1030,1625,7,Personal,2024-12-15,363635.19,0.1563,24
1031,363,7,Home,2024-12-15,533577.63,0.156,36
1032,89,3,Home,2024-12-15,855273.65,0.105,120
1033,944,8,Personal,2024-12-15,2311394.68,0.1793,120
1034,810,5,Home,2024-12-15,1342841.89,0.1381,36
1035,1258,2,Auto,2024-12-15,623550.87,0.0919,24
1036,1724,6,Business,2024-12-15,1188845.85,0.1098,120
1037,45,6,Business,2024-12-15,552203.37,0.111,36
1038,1961,7,Business,2024-12-15,450910.9,0.1219,60
1039,2351,3,Auto,2024-12-15,906127.95,0.0907,24
1040,1955,2,Personal,2024-12-15,1994243.39,0.1036,120
1041,1154,3,Personal,2024-12-15,243067.13,0.1274,120
1042,2318,2,Personal,2024-12-15,4916884.25,0.0872,60
1043,1251,1,Home,2024-12-15,555901.1,0.1611,24
1044,1656,7,Auto,2024-12-15,389168.61,0.1009,120
1045,1702,2,Home,2024-12-15,1122179.6,0.1599,60
1046,1995,3,Business,2024-12-15,838576.68,0.1627,36
1047,876,6,Personal,2024-12-15,979953.62,0.1544,36
1048,2097,3,Personal,2024-12-15,376031.66,0.1221,36
1049,2410,7,Auto,2024-12-15,1376812.02,0.1023,60
1050,850,2,Home,2024-12-15,1591216.23,0.1353,36
1051,715,1,Business,2024-12-15,666742.62,0.1665,36
1052,1612,3,Personal,2024-12-15,297715.05,0.1473,120
1053,263,5,Auto,2024-12-15,1801738.53,0.1739,24
1054,2445,1,Home,2024-12-15,1429412.73,0.129,120
1055,1652,6,Personal,2024-12-15,799570.41,0.0943,36
1056,1244,7,Home,2024-12-15,366105.68,0.1785,120
1057,1167,7,Education,2024-12-15,945040.39,0.1287,24
1058,279,5,Personal,2024-12-15,1194544.58,0.1346,24
1059,296,6,Auto,2024-12-15,740722.18,0.1058,36
1060,1938,5,Home,2024-12-15,465267.02,0.1208,36
1061,455,3,Personal,2024-12-15,1237057.56,0.1021,60
1062,2392,7,Personal,2024-12-15,1023643.9,0.1753,120
1063,961,2,Business,2024-12-15,4454366.13,0.1566,60
1064,2262,7,Education,2024-12-15,528919.1,0.0851,36
1065,1578,6,Personal,2024-12-15,1485930.5,0.1527,36
1066,1929,3,Auto,2024-12-15,545765.19,0.0984,24
1067,2139,1,Personal,2024-12-15,1101230.75,0.1481,60
1068,423,5,Personal,2024-12-15,4974929.28,0.1293,120
1069,500,2,Personal,2024-12-15,1172844.37,0.1516,36
1070,2306,2,Home,2024-12-15,605777.72,0.1029,120
1071,2434,7,Personal,2024-12-15,744948.33,0.1768,24
1072,1481,3,Home,2024-12-15,738326.4,0.1211,24
1073,1682,6,Personal,2024-12-15,834388.36,0.0961,60
1074,1526,8,Home,2024-12-15,697660.59,0.1783,24
1075,1851,5,Business,2024-12-15,1061276.11,0.1449,120
1076,1739,1,Business,2024-12-15,706654.14,0.1479,60
1077,1356,2,Business,2024-12-15,292698.17,0.1635,60
1078,688,3,Auto,2024-12-15,1090878.08,0.0863,36
1079,701,6,Business,2024-12-15,259654.05,0.1534,60
1080,2127,8,Home,2024-12-15,1247039.86,0.1681,60
1081,998,1,Home,2024-12-15,647840.58,0.0818,24
1082,2478,4,Auto,2024-12-15,1497067.94,0.0986,120
1083,289,6,Personal,2024-12-15,2607809.67,0.1623,24
1084,2078,5,Business,2024-12-15,848651.97,0.1552,120
1085,2083,1,Home,2024-12-15,1208437.04,0.0837,36
1086,579,1,Education,2024-12-15,923782.03,0.0853,36
1087,1054,3,Auto,2024-12-15,2176817.13,0.1188,60
1088,145,5,Auto,2024-12-15,1733189.68,0.1402,24
1089,1359,3,Auto,2024-12-15,1224682.08,0.0908,120
1090,754,6,Personal,2024-12-15,169661.48,0.111,36
1091,843,2,Home,2024-12-15,649608.31,0.1657,60
1092,2076,2,Home,2024-12-15,982186.74,0.1509,24
1093,1343,7,Auto,2024-12-15,488556.17,0.1795,60
1094,116,5,Personal,2024-12-15,320070.03,0.1034,120
1095,1435,8,Auto,2024-12-15,1018517.27,0.1329,60
1096,354,6,Education,2024-12-15,660152.02,0.1106,36
1097,624,3,Personal,2024-12-15,526059.37,0.1209,120
1098,2484,8,Home,2024-12-15,1081109.94,0.1364,36
1099,159,7,Education,2024-12-15,1471780.77,0.1125,24
1100,2173,6,Education,2024-12-15,417938.21,0.0869,36
1101,1443,8,Auto,2024-12-15,3848346.38,0.1101,24
1102,1418,8,Auto,2024-12-15,346238.24,0.1078,60
1103,772,5,Home,2024-12-15,613614.35,0.164,120
1104,1385,3,Auto,2024-12-15,274243.86,0.1383,24
1105,1642,2,Home,2024-12-15,1233248.65,0.1757,36
1106,1414,3,Auto,2024-12-15,1512779.53,0.0941,36
1107,2162,4,Auto,2024-12-15,417020.53,0.1372,36
1108,1380,4,Personal,2024-12-15,178642.84,0.1262,24
1109,1122,2,Personal,2024-12-15,788623.0,0.1687,36
1110,2424,7,Auto,2024-12-15,2890798.09,0.1228,36
1111,1344,7,Home,2024-12-15,868468.48,0.1217,60
1112,643,1,Education,2024-12-15,2660961.49,0.1517,120
1113,299,2,Personal,2024-12-15,434340.46,0.1489,60
1114,1916,4,Business,2024-12-15,914274.72,0.0956,60
1115,2202,1,Auto,2024-12-15,694559.94,0.1559,120
1116,148,8,Home,2024-12-15,637150.79,0.0831,60
1117,1698,4,Personal,2024-12-15,825950.22,0.1712,36
1118,1485,3,Personal,2024-12-15,5134464.07,0.093,24
1119,126,6,Auto,2024-12-15,336201.7,0.1448,120
1120,722,5,Personal,2024-12-15,1439975.94,0.1716,60
1121,2243,3,Auto,2024-12-15,968107.08,0.0817,36
1122,177,3,Home,2024-12-15,925075.22,0.1294,36
1123,1207,5,Personal,2024-12-15,869757.0,0.0871,36
1124,87,7,Personal,2024-12-15,1300314.2,0.1777,24
1125,2160,7,Home,2024-12-15,780272.96,0.1405,120
1126,2086,6,Home,2024-12-15,1547098.31,0.1711,60
1127,821,1,Auto,2024-12-15,666771.8,0.1502,120
1128,882,8,Personal,2024-12-15,1451810.99,0.1563,120
1129,2219,8,Home,2024-12-15,766001.39,0.0957,60
1130,1150,5,Personal,2024-12-15,570114.09,0.1072,120
1131,854,7,Business,2024-12-15,1008760.51,0.1472,36
1132,1699,6,Personal,2024-12-15,1023329.32,0.1372,24
1133,1034,7,Personal,2024-12-15,909246.44,0.1171,120
1134,905,6,Home,2024-12-15,2051008.41,0.1039,24
1135,1691,3,Personal,2024-12-15,2079206.05,0.1508,120
1136,2088,3,Auto,2024-12-15,381946.69,0.1227,36
1137,2240,7,Home,2024-12-15,447219.07,0.0915,60
1138,509,3,Personal,2024-12-15,275597.32,0.1266,24
1139,1041,1,Personal,2024-12-15,647104.68,0.1185,36
1140,2401,1,Personal,2024-12-15,1023330.47,0.1241,24
1141,650,6,Home,2024-12-15,206279.15,0.0868,120
1142,2485,3,Personal,2024-12-15,314115.1,0.1365,36
1143,1218,6,Home,2024-12-15,333793.64,0.1325,60
1144,1848,5,Business,2024-12-15,2805839.48,0.1709,120
1145,180,6,Home,2024-12-15,1188170.9,0.1374,24
1146,2242,5,Auto,2024-12-15,1055777.16,0.0888,36
1147,152,6,Auto,2024-12-15,182386.73,0.0801,36
1148,2079,8,Home,2024-12-15,1798520.87,0.0956,36
1149,1069,2,Auto,2024-12-15,648350.26,0.1407,60
1150,1292,8,Home,2024-12-15,423498.96,0.1491,36
1151,910,5,Business,2024-12-15,1208267.21,0.1135,120
1152,875,2,Education,2024-12-15,765939.74,0.1261,60
1153,2256,6,Personal,2024-12-15,1796692.74,0.1693,36
1154,1090,3,Auto,2024-12-15,774880.6,0.0862,24
1155,272,4,Business,2024-12-15,367301.1,0.1228,120
1156,641,3,Home,2024-12-15,298631.09,0.0921,60
1157,1651,8,Personal,2024-12-15,833398.29,0.1596,120
1158,1032,2,Auto,2024-12-15,399758.21,0.0888,60
1159,265,6,Personal,2024-12-15,1089363.71,0.1064,24
1160,702,7,Home,2024-12-15,367282.03,0.1798,120
1161,430,8,Auto,2024-12-15,1184255.17,0.1733,36
1162,832,3,Auto,2024-12-15,684930.47,0.0845,120
1163,1397,7,Auto,2024-12-15,508954.86,0.1662,120
1164,931,2,Business,2024-12-15,403203.47,0.116,120
1165,1746,6,Home,2024-12-15,881701.3,0.136,36
1166,2288,3,Auto,2024-12-15,382662.52,0.0942,36
1167,2008,1,Personal,2024-12-15,966319.28,0.1097,60
1168,2253,6,Personal,2024-12-15,1037843.52,0.1505,60
1169,1675,7,Auto,2024-12-15,588197.12,0.14,60
1170,517,1,Home,2024-12-15,1330982.31,0.1252,24
1171,1623,5,Personal,2024-12-15,385111.33,0.1688,36
1172,2065,5,Home,2024-12-15,664726.51,0.1084,36
1173,1228,3,Personal,2024-12-15,128182.02,0.1623,24
1174,570,7,Personal,2024-12-15,278367.71,0.1063,120
1175,589,5,Education,2024-12-15,697801.28,0.0855,24
1176,1437,5,Business,2024-12-15,1654452.0,0.0864,24
1177,10,2,Auto,2024-12-15,1779024.99,0.0883,120
1178,588,1,Business,2024-12-15,1168167.24,0.1372,120
1179,2377,8,Auto,2024-12-15,1144777.88,0.105,120
1180,2370,7,Education,2024-12-15,576766.39,0.149,60
1181,1349,4,Business,2024-12-15,740728.32,0.1551,60
1182,703,2,Auto,2024-12-15,929585.03,0.1093,120
1183,2004,1,Home,2024-12-15,1133028.2,0.0977,60
1184,2407,4,Home,2024-12-15,1371731.65,0.1724,24
1185,505,2,Home,2024-12-15,358726.86,0.1043,36
1186,1066,2,Education,2024-12-15,902059.97,0.1307,120
1187,737,2,Personal,2024-12-15,1673092.38,0.1395,120
1188,1457,5,Personal,2024-12-15,211192.31,0.1381,120
1189,521,7,Personal,2024-12-15,382519.19,0.0881,36
1190,1573,3,Home,2024-12-15,480842.74,0.1632,24
1191,1109,5,Home,2024-12-15,1152674.18,0.1709,36
1192,2495,3,Home,2024-12-15,564930.13,0.1329,60
1193,75,4,Business,2024-12-15,247058.44,0.1715,60
1194,2034,5,Education,2024-12-15,411978.68,0.1723,36
1195,2439,1,Business,2024-12-15,1739833.68,0.1288,60
1196,1332,7,Personal,2024-12-15,292666.84,0.1512,120
1197,2130,1,Personal,2024-12-15,2265939.91,0.1386,120
1198,1270,4,Personal,2024-12-15,1001047.38,0.1648,24
1199,2292,2,Home,2024-12-15,2393222.49,0.1169,36
1200,2114,6,Personal,2024-12-15,318510.99,0.1269,60
